time,value
0,0.24835707650561634
1,-0.019152981314913997
2,0.4236776856971744
3,0.910953060677612
4,0.08159264343339323
5,0.13033548077993268
6,1.0851266144150353
7,0.7266151720319058
8,0.15468114934117447
9,0.7062455559042126
10,0.24771669219797188
11,0.28982235214553076
12,0.6856236091780525
13,-0.3514537165928594
14,-0.21824122901882526
15,0.4004949954028478
16,0.2109405307323109
17,0.9084040714379297
18,0.32931487186687797
19,0.107263654121728
20,1.5742953692686736
21,0.7545350753507492
22,0.9249714624053973
23,0.2003898471537927
24,0.6598477237046351
25,1.0044459142105193
26,0.38806139670604156
27,1.163572366999495
28,0.6851303850290578
29,0.8468661161409501
30,0.696641680489356
31,1.925922856443826
32,0.9928249906725382
33,0.4680095639759687
34,1.4029372665040631
35,0.3735641218884258
36,1.0782794283805728
37,-0.018559858964587894
38,0.2822070632381992
39,1.027390332938431
40,1.2785307168233868
41,0.9730465092283604
42,0.8053852254547534
43,0.6863469430038533
44,0.0692354086358764
45,0.4181510926905669
46,0.5153858266968263
47,1.2400344659003022
48,0.8472723253353813
49,-0.24375537554686333
50,0.7605141288013539
51,0.3651425771832584
52,0.1770403716684848
53,0.7778686857103162
54,0.9428796414818053
55,0.847301051610431
56,-0.08462061145541461
57,0.1328718244169371
58,0.40488104491576393
59,0.6781952109222067
60,-0.09846711086277776
61,-0.0013648460994718087
62,-0.5115868245697236
63,-0.6065105594074844
64,0.34788876776951894
65,0.5699248797553031
66,-0.1937507549334156
67,0.29486447727261234
68,-0.0747230895030146
69,-0.6261013900109915
70,-0.17008542493541287
71,0.3718701159470244
72,-0.4604334628498282
73,0.29553517925130335
74,-1.8397086929533657
75,-0.1606100665547318
76,-0.5683343568236336
77,-0.8001288122981011
78,-0.6418857709162229
79,-1.7169725813869585
80,-0.8666384392266842
81,-0.6099689686703218
82,-0.07933008869365277
83,-1.1051188102122702
84,-1.275822573860182
85,-1.1458678800208517
86,-0.45846487789841783
87,-0.7706770227286072
88,-1.2164821757730355
89,-0.7091393440639608
90,-0.9289913429910768
91,-0.502521363236792
92,-1.3447175505721407
93,-1.1618855120577636
94,-1.1959773341301796
95,-1.7310502630414373
96,-0.8481044703035525
97,-0.8600188998767685
98,-0.979895884303102
99,-1.0891966360893943
100,-1.6666096456883457
101,-1.1538713300185859
102,-1.097171940591117
103,-1.306905276079514
104,-0.9640975115531577
105,-0.6569090650193228
106,0.11082550838136429
107,-0.7162312494362358
108,-0.643989292194605
109,-0.777300268371978
110,-1.6649259332199127
111,-0.6824967950008698
112,-0.6011515329018077
113,0.6399054756116337
114,-0.6468660249881988
115,-0.35750540633245204
116,-0.4819580642663782
117,-1.0041030366496249
118,0.19753474242727426
119,0.04891170147364643
120,0.1161004753225976
121,-0.6857715156967609
122,0.5192346511959546
123,-0.8337174402486571
124,0.21033914408263876
125,1.0620485963574324
126,-0.47845426208099356
127,-0.2163838732798296
128,0.16637488739431425
129,-0.0856957211931424
130,-0.5602117274452508
131,0.2979416697757929
132,-0.21961049334967375
133,0.5954400688103911
134,-0.05486219650030327
135,1.2250112762893872
136,0.1024867049704904
137,0.375916844345174
138,0.9851983730730349
139,0.003053969946046342
140,0.7707165660208538
141,1.3474163220709783
142,-0.07477257715473729
143,0.8545880216275633
144,0.9236092609733648
145,1.2139923149001608
146,0.23196126518952387
147,0.21543840705074446
148,1.1596788786200758
149,1.0679955124455638
150,1.0632464019476773
151,1.127376371028003
152,0.6279073112422411
153,1.0953946312667018
154,1.134704470526341
155,0.6374230700979922
156,1.9314306009469833
157,1.2369085337618126
158,0.4032895932384477
159,1.3236705815745347
160,0.5020174115097211
161,1.3743921374916255
162,1.5491876003487883
163,0.5461644074756539
164,1.4224186213019334
165,1.1289946737075893
166,1.3132019137535382
167,1.8278809888578387
168,0.7319048500868452
169,0.45070918426323825
170,0.3537298978107286
171,0.3594960143847681
172,0.6958462431670612
173,0.8701334160109899
174,0.8013146297471916
175,1.0383155782722042
176,0.5914181388307153
177,1.2704154822447467
178,0.3686924398389066
179,1.8172255613299637
180,0.7249521591242597
181,-0.06251286734573025
182,-0.21634788668120403
183,0.5125694417352253
184,0.11115852143732047
185,0.5308897324264795
186,0.3610732357938341
187,0.03829383406109839
188,-0.39862143358084473
189,-0.7826429774865928
190,-0.2984085964953198
191,0.30330436004498385
192,-0.06727990915787942
193,-0.8461921885197778
194,-0.18517016348535317
195,-0.12686050375785526
196,-0.8084078473524949
197,-0.33566050494433036
198,-0.4284315345523214
199,-1.0728902770945106
200,-0.36512743071522813
201,-0.30488506095891915
202,-0.08354502730524493
203,-0.13640059653354653
204,-1.388709371572089
205,-1.2036109503623569
206,-0.5101681761592526
207,-0.541861398944897
208,-0.5703026259326298
209,1.071536316606077
210,-0.5942505046250866
211,-0.3345804898685242
212,-0.4457745398662062
213,-0.6151854496320088
214,-1.1142696385903612
215,-0.5905132576740448
216,-1.3673488373352773
217,-1.1078320658688559
218,-1.2381180272209291
219,-0.9580246022006557
220,0.15733907678605086
221,-1.9321518827719193
222,-0.6514224930167323
223,-1.7944579620092238
224,-1.2151436620460336
225,-0.4233326990275784
226,-0.9218792403543576
227,-1.476718339976435
228,-1.2769803802946598
229,-0.55871438331311
230,-1.240635490546997
231,-0.7419736222953789
232,-0.8000426750168009
233,-1.1191978036873855
234,0.30998846074363073
235,-0.41170546466816443
236,-1.706096378105926
237,-0.5634245848113002
238,-0.9490303446212273
239,-0.15186079401893166
240,-0.9328332872167853
241,-0.551095442464047
242,-0.1971538250443713
243,0.02843377423592064
244,-0.9583774857647152
245,-0.4783699729016015
246,-0.500704446946279
247,-0.5413509016473829
248,0.717122944692239
249,0.08638271413802108
250,-0.6967638745187232
251,0.4425610903710467
252,1.0947011457274551
253,0.5997645677666816
254,-0.6264529415570628
255,-0.05951790180199168
256,0.8649653996948503
257,-0.07399287123221415
258,0.5493841532108072
259,0.7616055278604268
260,-0.04329819896240056
261,0.4352326957033212
262,-1.111972205662161
263,0.03886234558822155
264,0.4657894390106443
265,0.007719396735813899
266,1.48577541416242
267,-0.009215728005650625
268,0.5203536466039568
269,0.8384165534287071
270,1.5244210710846788
271,0.11458247026432
272,1.4407436909339766
273,0.8887791572744287
274,0.41520041678448716
275,1.1570341799402626
276,1.0432255172308398
277,0.6589417097937789
278,1.0069085438899854
279,0.7898785434441298
280,1.0473660283204944
281,1.327268704284355
282,1.7923177968205937
283,0.38100990801697854
284,2.064543340044495
285,0.01759720137151166
286,0.9108794167568217
287,1.2715950146489705
288,1.1061537104167938
289,0.6401157402450505
290,0.8308339303460454
291,0.6694873928097228
292,0.6001087936683976
293,1.2961590207202636
294,1.024254574125457
295,0.471566965824367
296,1.2380520050919417
297,0.9101619120795457
298,1.1293124089314561
299,1.0022581414400653
300,0.23579033469608068
301,0.331416058800456
302,0.944843672221618
303,0.8346445984371967
304,0.47594789187172404
305,0.5007858602309304
306,1.0355730210248244
307,0.05458163845243946
308,0.5766670473307212
309,0.15401541637322563
310,0.09762688032418645
311,0.7066955861003553
312,0.5204618267934572
313,0.4646856344787141
314,0.6607025873631001
315,-0.03152243190246127
316,0.24906963541980032
317,-0.2966930067718436
318,-0.028775405129968318
319,-0.30475201440089944
320,-0.2394053341687062
321,-0.03782802504010452
322,-0.7911817588007454
323,0.6184123207972857
324,-0.9754306771483172
325,-1.1229761532119755
326,0.021003165463254536
327,-0.20299650872376918
328,-0.32604677382187264
329,-0.36161781997218684
330,-0.7179087287925804
331,-1.1946282032115525
332,-0.7404497994374353
333,-1.1473385205176065
334,-0.3495819113108712
335,-0.9369621635589749
336,-1.3003156319777602
337,-1.070175059833622
338,-0.7226582855965575
339,-1.2283058367101964
340,-1.3725076896627726
341,-0.8521048246613845
342,-0.861581719527282
343,-1.2451935174199544
344,-1.2324192188507574
345,-0.883561502680399
346,-1.7238166018216732
347,-1.7011953625698584
348,-1.3518814910968509
349,-1.0920977299314438
350,-0.8201722226691552
351,-0.22576119146855
352,-0.5200146863171142
353,-1.0118473437785023
354,-0.9220905537425289
355,-1.392270522243758
356,-0.8764587474817763
357,-0.9855602846878291
358,-0.6517978314924416
359,-1.1966662605762601
360,-0.49131398965109
361,0.04932282876836702
362,-0.7356938397839288
363,-0.4430221127360686
364,-0.25976082655072785
365,-0.7648861399047734
366,-0.4102623487215232
367,-0.47273957543969863
368,-0.38572757279747766
369,-0.7755141725031487
370,-0.33022553134014115
371,-0.04609678755536892
372,0.47859814216089996
373,0.2814013282804004
374,0.9275922029415794
375,-0.4830653283428729
376,0.38662467748197166
377,0.09211508131582206
378,1.145324154415651
379,-0.30387387597048476
380,-0.2699837114274357
381,-0.10059178507281286
382,-0.8141136541719436
383,0.03306691102594389
384,-0.03625140195695026
385,0.4650242204844824
386,0.6062433482614729
387,1.4179006264403153
388,0.9982776842507246
389,0.2765571036463154
390,0.15633253404542208
391,0.8905168593997097
392,0.021847016557814514
393,1.6333947955266084
394,1.3412934757127941
395,0.5490150499260029
396,-0.04289352703833338
397,1.5186470255278848
398,0.8103741780153602
399,1.510316860433599
400,0.11573142133044412
401,0.6325123978573787
402,0.9517464035069861
403,0.9871671777542875
404,0.7507877820273545
405,1.296950077738869
406,0.45895619114460995
407,0.9263365586042076
408,1.0599407159986187
409,1.256779954631579
410,1.3526372333232441
411,0.42928644968968355
412,0.216849609250805
413,1.612585050250023
414,1.1273097304919113
415,0.571913160172594
416,1.7043712218385019
417,0.9669498524720533
418,1.4768061207242626
419,0.8967443309651079
420,1.8670296009770495
421,1.6859054046591524
422,0.6533120875615561
423,1.2311947353046795
424,1.0338491976985538
425,1.3594514320589752
426,0.15496086586018665
427,0.9411420444797916
428,1.0865272969424522
429,-0.3642489480465372
430,-0.11999025323869139
431,-0.592637729739572
432,0.24654707443266125
433,0.6933408243896635
434,1.0382311773757391
435,0.27586551423947037
436,1.0042944485810836
437,-0.5493703692924935
438,-0.760668803477733
439,0.013363114499485473
440,0.18318141517924977
441,-0.07516483291209948
442,-1.142357645444018
443,-0.2027442168277858
444,-0.8595711708591889
445,0.07886586334568618
446,-0.1206654857626229
447,-0.8211389464961192
448,-0.6544891417897829
449,-0.9725253916901003
450,-0.5185140610970954
451,-0.05264155135920873
452,-1.0647886782773357
453,-0.360185824565727
454,-0.91609111485247
455,-1.084524878389469
456,-0.7770099360215239
457,-1.2747138509385545
458,-1.0656229386490095
459,-1.4174712435996615
460,0.136142162283024
461,-0.854161624751871
462,-1.2450501218159746
463,-0.809353877319537
464,-0.9913739400399552
465,-1.062223259728965
466,-0.6588048042143578
467,-0.5988697761253712
468,-1.2521661319259132
469,-1.2816498304950001
470,-1.1356078765552182
471,-2.150889242875049
472,-1.7568715232359038
473,-0.3126885204762716
474,-0.16800166414651407
475,-1.1068877094066125
476,-0.6835199642159802
477,-0.8031731345760225
478,0.5960389224730646
479,-0.36585928355363717
480,-0.9695371577470071
481,-1.3610167307536112
482,-1.6619301627387157
483,-0.7302893565322863
484,-1.1814310993361044
485,-1.4836094127316075
486,-1.0630650271991566
487,-1.2459995528367585
488,0.17466099715826078
489,-0.1901022850623122
490,-0.5953438505234331
491,0.18965725910341913
492,-0.46921243656681294
493,-0.8948509941352367
494,0.3422011225616005
495,-0.1040097329417854
496,-0.8452582032679504
497,-0.37415841876015726
498,-0.6684548326197708
499,-0.8731257034717425
